Price,Close,High,Low,Open,Volume
Ticker,AAPL,AAPL,AAPL,AAPL,AAPL
Date,,,,,
2022-01-03,177.93972778320312,178.79028222604728,173.73590007898758,173.85321176039008,104487900
2022-01-04,175.68136596679688,178.84891521802436,175.11433471652768,178.54585013474667,99310400
2022-01-05,171.00828552246094,176.14088047095728,170.7345483186125,175.5934060632604,94537600
2022-01-06,168.15357971191406,171.3797850968752,167.80162976232634,168.83792269234627,96904000
2022-01-07,168.31979370117188,170.24574016447164,167.20528789803654,169.02369367342152,86709100
2022-01-10,168.33932495117188,168.64239004792708,164.40921985835627,165.2988731483881,106765600
2022-01-11,171.16468811035156,171.26244286002324,166.99995985190662,168.46641535499305,76138300
2022-01-12,171.6046600341797,173.2177554801649,170.91054596180936,172.18146241376857,74805200
2022-01-13,168.33932495117188,172.6702498945838,167.94826118313497,171.8490383580425,84505800
2022-01-14,169.1996612548828,169.89377524696252,167.26392904254132,167.50833831927105,80440800
2022-01-18,166.00277709960938,168.6814931182034,165.6214992398613,167.67452813175186,90956700
2022-01-19,162.51260375976562,167.25414945182573,162.22909557704548,166.19829964047344,94815000
2022-01-20,160.83108520507812,165.88546757565922,160.50846314939517,163.24585020445963,91420500
2022-01-21,158.7780303955078,162.61036568511253,158.67048972769118,160.74307541554964,122848900
2022-01-24,158.0056915283203,158.67049246380245,151.2404450916643,156.44148123567246,162294600
2022-01-25,156.2068634033203,159.1202179477596,153.50859022634555,155.42475069595457,115798400
2022-01-26,156.11886596679688,160.7137572085088,154.29068942101793,159.84366081362626,108275300
2022-01-27,155.6593780517578,160.1760566161972,154.74039680395836,158.8171416631375,121954600
2022-01-28,166.5209197998047,166.5404767176366,159.1593140383979,162.0042414218655,179935700
2022-01-31,170.87139892578125,171.0864802658057,165.71924760028926,166.3547206203823,115541600
2022-02-01,170.70521545410156,170.93006781127377,168.45664712970438,170.1186272242385,86213900
2022-02-02,171.9076690673828,171.94678289724823,169.45380581653876,170.84204842565634,84914300
2022-02-03,169.03343200683594,172.2987509371964,168.27087633720052,170.57810026310062,89418100
2022-02-04,168.74957275390625,170.42346859121156,167.0756769166009,168.05455952783922,82465400
2022-02-07,168.0349884033203,170.27662295458384,167.3399751947351,169.20964451994723,77251200
2022-02-08,171.13803100585938,171.64705409326743,167.80982151011347,168.10348925040896,74829200
2022-02-09,172.55743408203125,172.91961588647231,171.20657123174874,172.3322952525055,71285000
2022-02-10,168.48529052734375,171.7743370940817,167.92733513885554,170.462637822063,90865900
2022-02-11,165.07879638671875,169.42503845048873,164.49146072642745,168.69087634340775,98670700
2022-02-14,165.313720703125,165.9989356288058,163.04270559336564,163.83559821712237,86185500
2022-02-15,169.14112854003906,169.29775335068365,166.65477315145358,167.35956986279012,62527400
2022-02-16,168.90623474121094,169.67954560224584,166.45902767436223,168.2210197498066,61177400
2022-02-17,165.313720703125,168.2797341887302,164.91237519788157,167.41831260412283,69589300
2022-02-18,163.76705932617188,166.93862933962222,162.68049906023276,166.23384762062662,82772700
2022-02-22,160.85003662109375,163.16998418925112,158.72584769849567,161.49608794845346,91162800
2022-02-23,156.6897430419922,162.64133603328534,156.37649344425944,162.04421705709984,90009200
2022-02-24,159.30332946777344,159.41100713080036,148.7901269618593,149.35788055449572,141147500
2022-02-25,161.36878967285156,161.6330771993794,157.472826482258,160.38010876655954,91974200
2022-02-28,161.63308715820312,161.92675492011216,158.99989062280463,159.61659142915732,95056600
2022-03-01,159.75367736816406,163.08188800417662,158.54965565066482,161.2220016361372,83474400
2022-03-02,163.04270935058594,163.82581854222389,159.5089420061074,160.9185355637426,79724800
2022-03-03,162.71966552734375,165.34307890598984,162.0540324670775,164.91236813214016,76678400
2022-03-04,159.72430419921875,162.05405003585454,158.67690737340956,161.01643666085187,83737200
2022-03-07,155.93601989746094,161.5352302369313,155.68150083148916,159.91028134097652,96418800
2022-03-08,154.11529541015625,159.44041971330986,152.50992837199067,155.4661583222758,131148300
2022-03-09,159.50892639160156,159.95921898709753,156.04368834876885,158.06996768709067,91454900
2022-03-10,155.1724853515625,157.0029911685478,152.6861150001443,156.81700107101284,105342000
2022-03-11,151.46246337890625,155.9163811041694,151.23732461834535,155.57376630354938,96970100
2022-03-14,147.43931579589844,150.86540543880508,146.93030751756515,148.25179027503273,108732100
2022-03-15,151.81491088867188,152.28478532825997,147.20438184151632,147.713390079557,92964300
2022-03-16,156.2198944091797,156.6212399212536,151.19823606106897,153.73353879751855,102300200
2022-03-17,157.22811889648438,157.60009906528276,154.30126947324382,155.2605702418383,75615400
2022-03-18,160.5171661376953,161.0066074424884,156.3862803303168,157.1204422875064,123511700
2022-03-21,161.88763427734375,162.8371517415441,159.5676719986422,160.0571133745572,95811400
2022-03-22,165.25498962402344,165.84231029999864,161.42755456550663,162.01487524148183,81532000
2022-03-23,166.61563110351562,168.99430889731204,164.1096788423283,164.44251031244588,98062700
2022-03-24,170.39413452148438,170.4626485498089,166.6156463524789,167.44768776251115,90131400
2022-03-25,171.03038024902344,171.57855215101324,169.1019802060181,170.20812239603873,80546200
2022-03-28,171.89178466796875,172.019029244763,168.36780145361686,168.53420969754978,90371900
2022-03-29,175.1808624267578,175.22979461470234,172.61617948078282,172.95879441578631,100589400
2022-03-30,174.01600646972656,175.8171473086946,172.9685946624538,174.77953388921446,92633200
2022-03-31,170.92269897460938,174.27047582290578,170.7171270473916,174.08448573079536,103049300
2022-04-01,170.62905883789062,171.18702920461877,168.3091113767006,170.35497284823808,78751300
2022-04-04,174.67181396484375,174.72076108227714,170.75628355518236,170.8835430731966,76468400
2022-04-05,171.36322021484375,174.53480585728352,170.7367358216346,173.75169663163055,73401800
2022-04-06,168.20138549804688,169.96337702443967,166.53728819844997,168.72019203962893,89058800
2022-04-07,168.50485229492188,169.69909027693134,166.26321768469555,167.5455515170426,77594700
2022-04-08,166.49813842773438,168.1524524173325,165.62693350816983,168.1524524173325,76575500
2022-04-11,162.2498016357422,165.4605355802755,162.00508096962494,165.14730089465874,72246700
2022-04-12,164.1194610595703,166.28278325109693,163.1209966207163,164.47185939466212,79265200
2022-04-13,166.80160522460938,167.42808955183875,163.24827119923606,163.85517369033073,70618900
2022-04-14,161.7995147705078,167.6532440657547,161.55479409572018,167.01696134936807,75329400
2022-04-18,161.58416748046875,163.08185675186522,160.11584349387897,160.45844346214486,69023900
2022-04-19,163.86495971679688,164.27610359926777,160.44866861751814,161.53522902332887,67723800
2022-04-20,163.69851684570312,165.31368193809578,162.59238977382873,165.19620588083708,67929800
2022-04-21,162.9056396484375,167.90773030576432,162.40641490220864,165.34306268686478,87227800
2022-04-22,158.3734130859375,164.32502122927878,158.08954369720692,162.94480808191494,84882400
2022-04-25,159.44039916992188,159.72426854560663,155.113739965227,157.71755627231695,96046400
2022-04-26,153.4888458251953,158.91185066459684,153.41053339870618,158.8237547860096,95623200
2022-04-27,153.26365661621094,156.41564486229873,152.0987839265491,152.61759051221244,88063200
2022-04-28,160.1843719482422,161.04579354437072,155.57382764277364,155.88707729102597,130216800
2022-04-29,154.32086181640625,162.6903124384376,153.9293146853147,158.42238298865084,131747600
2022-05-02,154.6243133544922,154.88860092145774,150.0333512355366,153.4007100151784,123055300
2022-05-03,156.11221313476562,157.31624964341847,153.01895506893698,154.81029731534235,88966500
2022-05-04,162.51409912109375,162.964376768375,155.8968429541357,156.29818841895514,108256500
2022-05-05,153.45941162109375,160.61504020896953,151.6778383257631,160.38990141926735,130525300
2022-05-06,154.1848602294922,156.30235682996496,151.1458596477854,152.93984857664353,116124600
2022-05-09,149.06759643554688,152.76341048572758,148.50882129057032,151.8811126841976,131577900
2022-05-10,151.46937561035156,153.65550196924158,149.92046680625165,152.45950928453797,115366700
2022-05-11,143.61700439453125,152.39087300235883,142.9405806152843,150.47925033829725,142689800
2022-05-12,139.75454711914062,143.32291464808353,136.06854586723028,139.9604210928437,182602000
2022-05-13,144.21499633789062,145.18551933414366,140.29371306035543,141.74458368466105,113990900
2022-05-16,142.67588806152344,144.61693408926746,141.34265112461745,142.68570084334092,86643800
2022-05-17,146.30308532714844,146.82265416778552,143.79345144967377,145.93055862687706,78336300
2022-05-18,138.04879760742188,144.46008977155722,137.14688920750964,143.9601314929513,109742900
2022-05-19,134.6470947265625,138.87227582415818,133.91185397987616,137.1273056487035,136095600
2022-05-20,134.88233947753906,137.93113785871375,130.00034593006458,136.3528207232791,137426100
2022-05-23,140.29373168945312,140.44077384848245,134.94117272312687,135.07841705772444,117726300
2022-05-24,137.5978240966797,139.1761411372566,134.62745335548652,138.0389654521871,104132700
2022-05-25,137.7547149658203,138.99971190055481,135.61760734755066,135.70583264997845,92482700
2022-05-26,140.9505615234375,141.4995389264538,134.44123025043575,134.68631051667606,90601500
2022-05-27,146.69522094726562,146.73442720207444,142.40141055796454,142.5288570634857,90978500
2022-05-31,145.9109649658203,147.69515625482543,143.95032308788612,146.13644955191023,103718400
2022-06-01,145.7835235595703,148.75389460714223,144.7737792988703,146.95009283292427,74286600
2022-06-02,148.23431396484375,148.29313081917098,143.96991252402043,144.920824891666,72348100
2022-06-03,142.51902770996094,145.05805472503135,141.61713446378366,144.00910439920688,88570300
2022-06-06,143.2640838623047,145.6462712304333,142.0484806619193,144.13656879270374,71598400
2022-06-07,145.7835235595703,146.06781003090646,141.26424373812605,141.50932395629872,67808200
2022-06-08,145.0482940673828,146.92069570984725,144.5581335933167,145.65608826850138,53950200
2022-06-09,139.8329620361328,145.03846322934638,139.7251261469218,144.1855888973648,69473000
2022-06-10,134.431396484375,137.98995082700978,134.36276684809005,137.51940103001422,91437900
2022-06-13,129.2847442626953,132.53940235521404,128.85340060932865,130.2552525242583,122207100
2022-06-14,130.1474151611328,131.25518271689248,128.89260543359612,130.51014411570253,84784300
2022-06-15,132.7648162841797,134.63723228518424,129.55917858108418,131.6472513597461,91533000
2022-06-16,127.50049591064453,129.7846447227983,126.50056470188716,129.48074772761353,108123900
2022-06-17,128.97100830078125,130.4611001773296,127.25544681769559,127.51033981148552,134520300
2022-06-21,133.19619750976562,134.36278178825876,130.69639115129178,130.79441426737327,81000500
2022-06-22,132.68643188476562,135.04899374439105,131.27476747959807,132.13743964836019,73409200
2022-06-23,135.54898071289062,135.86267563561398,132.96093402675356,134.1275183400123,72433800
2022-06-24,138.87225341796875,139.117333627322,137.01944763359853,137.1468791706762,89116800
2022-06-27,138.87225341796875,140.66624234545563,138.19582964679236,139.89178050713437,70207900
2022-06-28,134.7352752685547,140.59758868635495,134.6176415748851,139.3329816038879,67083400
2022-06-29,136.4900360107422,137.90170009976305,133.9804176118187,134.7548792799508,66242400
2022-06-30,134.0294647216797,135.64698810352084,131.1375212724895,134.5490335635321,98964500
2022-07-01,136.1959991455078,136.30383506160413,132.99036001507756,133.36287185008192,71051600
2022-07-05,138.77420043945312,138.82321946775843,134.23531066321448,135.05879144662464,73353800
2022-07-06,140.10745239257812,141.28383440664965,138.30366564043456,138.56835645511603,74064300
2022-07-07,143.469970703125,143.66603189279604,140.4603783389641,140.47017616296918,66253700
2022-07-08,144.14637756347656,144.64635079248632,142.1465295229667,142.40140757015126,64547800
2022-07-11,142.0190887451172,143.7542609845207,140.95054251842944,142.80334848304327,63141600
2022-07-12,142.9895782470703,145.5286052761855,142.19552087150592,142.89154019342988,77588800
2022-07-13,142.62689208984375,143.56799177024092,139.3232005090592,140.17608985764943,71185600
2022-07-14,145.54824829101562,146.01879814456234,140.4309718883509,141.244640047542,78140700
2022-07-15,147.21473693847656,147.89116051933223,145.2835042354701,146.83241251779788,76259900
2022-07-18,144.17579650878906,148.58724039251226,143.81306761767442,147.77357228115997,81420900
2022-07-19,148.02845764160156,148.25392726287154,144.01894870347078,145.0090674390563,82982400
2022-07-20,150.02828979492188,150.6949157224323,147.41083503397257,148.1460756395822,64823400
2022-07-21,152.2928466796875,152.50851845862235,148.94994906470606,151.45956799212024,65086600
2022-07-22,151.05764770507812,153.20455292364784,150.3910366563313,152.33206789895848,66675400
2022-07-25,149.94004821777344,151.98891489270602,149.2832351431614,150.9791857674136,53623900
2022-07-26,148.6166229248047,150.07729118277658,147.83236337932289,149.26362321320852,55138700
2022-07-27,153.70448303222656,154.2338646113094,149.1656081545016,149.57734107239523,78620700
2022-07-28,154.2534942626953,154.53778073211737,151.37134852302864,153.8907653704556,81378700
2022-07-29,159.31198120117188,160.40995103683753,156.36121998956833,158.06698413815568,101786900
2022-08-01,158.3316192626953,160.3706884793457,157.72382510643268,157.84145882480365,67829400
2022-08-02,156.8611297607422,159.2139087149108,156.48861801917639,156.94937000342367,59907000
2022-08-03,162.86070251464844,163.3116417148104,157.58657171952117,157.67479700322565,82507500
2022-08-04,162.54701232910156,163.89986001020398,161.19416464799912,162.74307352499065,55474100
2022-08-05,162.32122802734375,162.81206933981917,160.01426786699392,160.22042780912037,56697000
2022-08-08,161.85000610351562,164.73615535552312,161.1922805564501,163.32253000929188,60276900
2022-08-09,161.8991241455078,162.78264764526216,160.25971568153318,161.0156156250441,63135500
2022-08-10,166.1399688720703,166.23812814464867,163.8428202002786,164.60853143111325,70170500
2022-08-11,165.4036865234375,167.85789272456063,165.10917878344554,166.94492022851418,57149200
2022-08-12,168.94757080078125,169.01628078921996,166.29701596444957,166.70933581222894,68039400
2022-08-15,170.01763916015625,170.21397271578905,168.2113464814704,168.37823075272277,54091700
2022-08-16,169.8605499267578,170.52810192661653,168.51564947224608,169.61512926108554,56377100
2022-08-17,171.35272216796875,172.9234055360259,169.40899457207655,169.6053281206725,79542000
2022-08-18,170.9600372314453,171.69629926083016,169.9489052427666,170.56737014082248,62290100
2022-08-19,168.37818908691406,170.5575254675204,168.1720291679761,169.8605242913159,70346300
2022-08-22,164.5005645751953,166.74861119438174,164.07843325743647,166.58172694573366,69026800
2022-08-23,164.1667938232422,165.61969500518398,163.597416059393,164.0195474098714,54147100
2022-08-24,164.4612579345703,165.03063554714507,163.20470561002094,164.25511301062056,53841500
2022-08-25,166.91549682617188,167.0234825149317,165.26627719342727,165.68839353539587,51218200
2022-08-26,160.62290954589844,167.91681938586046,160.56401098389765,167.44561591056575,78961000
2022-08-29,158.4239044189453,159.91605082453415,156.89248233046595,158.19810669053518,73314000
2022-08-30,155.99917602539062,159.58231130465205,154.8309714061125,159.16019500251252,77906200
2022-08-31,154.34010314941406,157.63855650622187,154.26156676243244,157.37349807256936,87991100
2022-09-01,155.0665740966797,155.51813965771387,151.83683028732437,153.77074600824523,74229900
2022-09-02,152.95596313476562,157.42262194968552,152.13135334781393,156.82379496598037,76957800
2022-09-06,151.69940185546875,154.21250676362826,150.8747921160952,153.60386838160778,73714800
2022-09-07,153.10321044921875,153.80019664109167,150.7962505650505,151.98409298992328,87449600
2022-09-08,151.6306915283203,153.49588236025656,149.88328282837716,151.80738719524012,84923800
2022-09-09,154.4873809814453,154.92915012061422,151.91537744584716,152.62219009337275,68028800
2022-09-12,160.43638610839844,161.25118449428555,156.38204700518378,156.66672837890903,104956000
2022-09-13,151.0220489501953,157.59931943362142,150.56065692569356,156.97104316313002,122656600
2022-09-14,152.46511840820312,154.22233860679495,150.79626102566698,151.95463927472932,87965400
2022-09-15,149.57896423339844,152.39640331677907,148.6071081028978,151.81719923234522,90481100
2022-09-16,147.93955993652344,148.57766259301448,145.65223775657734,148.44022763272653,162278800
2022-09-19,151.65032958984375,151.72886599832884,146.36888718799335,146.5750321533895,81474200
2022-09-20,154.02598571777344,155.1843789131033,150.2759661753886,150.5900968013731,107689800
2022-09-21,150.90426635742188,155.8323177224437,150.78646922639234,154.45795295017905,101696800
2022-09-22,149.94219970703125,151.6405063427645,148.14571882351763,149.58879338602387,86652500
2022-09-23,147.67449951171875,148.6954577569954,145.83875792782328,148.42058784002563,96029900
2022-09-26,148.00830078125,150.95334879982894,146.89899456754617,146.91863241520423,93339400
2022-09-27,148.9801483154297,151.88593544780034,147.20330517830297,149.9422080635759,84442700
2022-09-28,147.09532165527344,147.8806707549768,142.1869085062377,144.93562286555536,146691400
2022-09-29,139.87013244628906,144.03247205665744,138.1031007730531,143.42383363893248,128138200
2022-09-30,135.6685333251953,140.4787870882612,135.47219979960417,138.69211755301987,124925300
2022-10-03,139.84066772460938,140.44932105441077,135.16786446408517,135.67834355315813,114311700
2022-10-04,143.423828125,143.54162523892447,141.61752082886468,142.3734205948832,87830100
2022-10-05,143.71832275390625,144.6803824609242,140.39041942925496,141.43101553965928,79471000
2022-10-06,142.76608276367188,144.8374334955695,142.5599378213271,143.13912691743977,68402200
2022-10-07,137.52391052246094,140.47878470691822,136.8956342636469,139.9290298735793,85925600
2022-10-10,137.84783935546875,139.2909136665795,136.03173592220895,137.84783935546875,74899000
2022-10-11,136.43423461914062,138.76083241469453,135.68816128454225,137.33738075448184,77033700
2022-10-12,135.8059539794922,137.78895683135124,135.6292583188671,136.58149154588781,70433700
2022-10-13,140.37078857421875,140.95978909716513,131.90867508719168,132.51732843397534,113224000
2022-10-14,135.84523010253906,141.87276009592642,135.65870802953629,141.66660017858484,88598000
2022-10-17,139.80142211914062,140.282437004532,137.7006219624551,138.48597103526853,85250900
2022-10-18,141.1168670654297,144.0128276023933,138.03438444661543,142.82500010106065,99136600
2022-10-19,141.22486877441406,142.29489928414645,138.90809708603376,139.09461918905455,61758300
2022-10-20,140.7634735107422,143.21768011702426,140.0370229627389,140.40025572638473,64522000
2022-10-21,144.57240295410156,145.1417806685085,140.03701908535325,140.25299045906925,86548600
2022-10-24,146.7124481201172,147.47815927955588,143.32564645655586,144.49385104011358,75981900
2022-10-25,149.54953002929688,149.69679141311283,146.62411995147127,147.34074408565283,74732300
2022-10-26,146.61428833007812,149.20592954793565,145.32827166402765,148.19479776463467,88194300
2022-10-27,142.1476593017578,146.3198108162611,141.48993368404496,145.35776595535313,109180200
2022-10-28,152.8872528076172,154.61500878306214,145.11232844918345,145.4853576495381,164762400
2022-10-31,150.5312042236328,151.4147275390832,149.13721674827332,150.35450854811523,97943200
2022-11-01,147.89048767089844,152.60256746450293,146.39834080336652,152.23934967138234,80379300
2022-11-02,142.37344360351562,149.3826576212183,142.34399432027527,146.22163806624556,93604600
2022-11-03,136.33612060546875,140.18431562523062,136.20849704009387,139.45786491513846,97918500
2022-11-04,136.0706024169922,140.28900066971147,132.13735779737468,139.71867839937045,140814800
2022-11-07,136.6015625,136.827719829141,133.40580174577732,134.82177198830993,83374600
2022-11-08,137.171875,139.06965789658196,135.19542542837,138.06669154902085,89908500
2022-11-09,132.61917114257812,136.23776400792798,132.34384521853534,136.18859544917657,74917800
2022-11-10,144.4188995361328,144.4188995361328,137.171901375878,138.88286812786214,118854000
2022-11-11,147.20166015625,147.50648417895965,141.96061049585242,143.38642351170455,93979700
2022-11-14,145.8053741455078,147.77199641885335,144.96955367768106,146.48386123047396,73374100
2022-11-15,147.53598022460938,151.02673737922098,146.08068410249945,149.67960607049233,89868300
2022-11-16,146.30685424804688,147.36883205309908,144.83188757505272,146.64119143040293,64218300
2022-11-17,148.2046661376953,148.95197725260945,143.71092672522755,143.98625266251898,80389400
2022-11-18,148.7650909423828,150.1515628329994,147.4671284308406,149.76807220411956,74829600
2022-11-21,145.5398712158203,147.8604860232478,145.2547175972566,147.65399909356225,58724100
2022-11-22,147.67367553710938,147.9096756373434,144.47791399161687,145.65789948864827,51804100
2022-11-23,148.548828125,149.29613922514196,146.84768896962234,146.95585380028717,58301400
2022-11-25,145.63821411132812,146.3953678932279,144.66473067745702,145.83487333926465,35195900
2022-11-28,141.81309509277344,144.19270560138654,140.98711756167793,142.71773929408752,69246000
2022-11-29,138.8140106201172,142.39326202258005,138.00770341068628,141.8819361067611,83763800
2022-11-30,145.55953979492188,146.23802684928043,138.2043770255708,139.04018245155586,111380900
2022-12-01,145.83486938476562,146.64119170281938,144.16324348642758,145.73654727553216,71250400
2022-12-02,145.34323120117188,145.53006273642814,143.21927533321448,143.52411441944975,65447400
2022-12-05,144.18289184570312,148.40128929094377,143.3372438141924,145.30386574755366,68826400
2022-12-06,140.5249786376953,144.84171332835018,139.55149534602168,144.61555599946504,64727200
2022-12-07,138.58786010742188,140.97729872796708,137.6635453309665,139.81699890501977,69721100
2022-12-08,140.26931762695312,141.12480845757423,138.7451974772698,139.9841640195035,62128300
2022-12-09,139.78750610351562,143.14060047218985,138.54852454565471,139.96449489513216,76097000
2022-12-12,142.07861328125,142.0884409898644,138.7058487137347,140.31847817047847,70462700
2022-12-13,143.04225158691406,147.46715106267968,141.83278326469596,147.00499369488003,93886200
2022-12-14,140.8199920654297,144.21241242784126,138.80420126905452,142.92427726159215,82291200
2022-12-15,134.22193908691406,139.43348990576752,133.7597817593244,138.7550029778536,98931900
2022-12-16,132.2651824951172,135.35277902524194,131.4982009688156,134.4088086870883,160156900
2022-12-19,130.16087341308594,132.94364536804903,129.12840885731634,132.8551509782634,79592600
2022-12-20,130.092041015625,131.02618341248566,127.72225803734129,129.19722445474264,77432800
2022-12-21,133.1894989013672,134.52680273214906,130.53456166494178,130.7607190395491,85928000
2022-12-22,130.02322387695312,132.31434056379908,128.12544063659777,132.10785363301125,77852100
2022-12-23,129.65939331054688,130.21004508793624,127.47644161865645,128.73507853958517,63814900
2022-12-27,127.85992431640625,129.21689825725943,126.57178934548489,129.18740012847,69007800
2022-12-28,123.9365234375,128.8432433891337,123.76936236246999,127.505939784758,85438400
2022-12-29,127.44693756103516,128.30241331797103,125.59831560715067,125.8539710621533,75703700
2022-12-30,127.76160430908203,127.78127473228464,125.30333405560762,126.26698223669045,77034200
2023-01-03,122.98271942138672,128.7154174535332,122.09773792777466,128.10576937065363,112117500
2023-01-04,124.25118255615234,126.51280092971427,122.9925456360047,124.77233620258212,89113600
2023-01-05,122.93354797363281,125.63765344479737,122.67789249421179,125.0083349534918,80962700
2023-01-06,127.45674896240234,128.11556543857432,122.80569279245623,123.90700365718236,87754700
2023-01-09,127.97792053222656,131.18352399196448,127.72226507394718,128.29258725392592,70790800
2023-01-10,128.54824829101562,129.06940194282927,125.98180587179891,128.08609090104719,63896200
2023-01-11,131.26217651367188,131.28183192855658,128.28274570808514,129.0595547117696,69458900
2023-01-12,131.18353271484375,132.0193381171801,129.24640871746402,131.6456901154858,71379600
2023-01-13,132.5110321044922,132.66836552146214,129.46277592243695,129.82659632055703,57809700
2023-01-17,133.6713104248047,134.99877137842552,131.89151977321038,132.5798345273993,63646600
2023-01-18,132.95346069335938,136.29671143241532,132.77645694611428,134.5365916913309,69672800
2023-01-19,133.0124969482422,133.9761376268957,131.53753029546903,131.84235433638028,58280400
2023-01-20,135.569091796875,135.71659745917918,131.98001240951498,133.02231973826562,80223600
2023-01-23,138.75502014160156,140.92814412125819,135.59858513124948,135.81491475833332,81760300
2023-01-24,140.1513214111328,140.77081216801105,137.95854199183503,137.9683697007518,66435100
2023-01-25,139.49253845214844,140.05301807827476,136.49343605439017,138.53872531246566,65799300
2023-01-26,141.55747985839844,141.8426334902846,139.53184628445516,140.78065564701856,54105100
2023-01-27,143.4945526123047,144.77285978471076,140.69212554632242,140.77079221891566,70555800
2023-01-30,140.6134796142578,143.12092578303154,140.46598895897412,142.54077586673455,64015300
2023-01-31,141.88192749023438,141.931096037562,139.90547792238985,140.31846671250062,65874500
2023-02-01,143.00289916992188,144.1632138517995,138.96150571314269,141.56727363630213,77663600
2023-02-02,148.302978515625,148.65695608667727,145.69719525256042,146.41500811186492,118339000
2023-02-03,151.92153930664062,154.7534795979514,145.36285717719954,145.55951636317744,154357300
2023-02-06,149.19776916503906,150.54491539574025,148.26362674506663,150.0237617823619,69858300
2023-02-07,152.06906127929688,152.63938353904294,148.12598902287087,148.12598902287087,83322600
2023-02-08,149.38462829589844,152.00023955919008,148.64714493246836,151.3119247541495,64120100
2023-02-09,148.3521270751953,151.75438976697808,147.9096401221254,151.21356571138807,56007100
2023-02-10,148.7165069580078,149.0414968354293,146.95369947058745,147.1900598433605,57450700
2023-02-13,151.5133819580078,151.9171435900277,148.62787403653363,148.6574172040706,62199000
2023-02-14,150.87327575683594,151.4346261088162,148.568818055862,149.80967642706798,61707600
2023-02-15,152.97093200683594,153.13834833360136,150.55814431502776,150.7846469892343,65573800
2023-02-16,151.3755340576172,153.95573796607766,151.02100096105386,151.17855953849067,68167900
2023-02-17,150.23312377929688,150.6762863218937,148.55894582557343,150.03616431892533,59144100
2023-02-21,146.2249755859375,149.00215442484804,146.15604651567105,147.9188545173904,58867200
2023-02-22,146.64842224121094,147.67262055430007,144.9250004924314,146.60902132895072,51011300
2023-02-23,147.13096618652344,148.05669224456878,145.00378282832062,147.81048914517564,48394200
2023-02-24,144.48182678222656,144.95453250364176,143.50685714395402,144.87574571223192,55469600
2023-02-27,145.67347717285156,146.90449291595675,145.2106140512802,145.46667494315656,44998500
2023-02-28,145.17120361328125,146.8158385647427,144.6000106018143,144.8166705381309,50547000
2023-03-01,143.10308837890625,144.9939263960711,142.80764165155819,144.60000744430354,55479000
2023-03-02,143.6940155029297,144.48186861811354,141.71453248481114,142.18725337015044,52238100
2023-03-03,148.73623657226562,148.81502337863614,145.09243318314816,145.79164167073546,70732300
2023-03-06,151.4936981201172,153.92618602775224,151.1293223291666,151.4542972077173,87558000
2023-03-07,149.2975616455078,151.69064849711955,148.83469862838186,151.3656586110283,56182000
2023-03-08,150.54827880859375,151.13917230662574,149.52408044265695,150.48919246419973,47204800
2023-03-09,148.30287170410156,152.19287704902737,147.94833869640715,151.2277652608201,53833600
2023-03-10,146.24464416503906,148.64758887079853,145.36816171354923,147.92868001277867,68572400
2023-03-13,148.18472290039062,150.81417020284252,145.4567883472071,145.56511831219402,84457100
2023-03-14,150.2725372314453,151.07023295988367,147.82036369988242,148.98243524821328,73695900
2023-03-15,150.66644287109375,150.92248866561948,147.64306182318006,148.89377768233683,77167900
2023-03-16,153.48301696777344,154.08375312665916,149.33695019463687,149.84905684492745,76161100
2023-03-17,152.6459197998047,154.35949876084172,151.93685367986137,153.70951897971963,98944600
2023-03-20,155.00946044921875,155.4230948668754,151.80882025865256,152.71486085947325,73641400
2023-03-21,156.86094665527344,156.97911935630492,154.16255477435743,154.93072241220443,73938300
2023-03-22,155.43296813964844,159.6775078686916,155.41326768087632,156.880643804934,75701800
2023-03-23,156.51625061035156,159.09646969740976,155.28523492873595,156.41777837205046,67622100
2023-03-24,157.81619262695312,157.90482213956633,155.45264879499626,156.44730394409444,59196500
2023-03-27,155.87612915039062,158.3283178086609,155.4723523985585,157.51092158923748,52390300
2023-03-28,155.2556915283203,156.08294548571627,153.61105638332387,155.57083875533723,45992200
2023-03-29,158.32830810546875,158.60405440029712,156.92987617396892,156.94956160428092,51305700
2023-03-30,159.89414978027344,160.00247975071784,158.82070781762587,159.07675364456477,49501700
2023-03-31,162.3955535888672,162.4940408365555,159.45097422374334,159.9729235769942,68749800
2023-04-03,163.64625549316406,163.76442815863666,161.7258745440201,161.775118163648,56976200
2023-04-04,163.114501953125,164.3061166832112,162.60239523685718,164.06977129650792,46278300
2023-04-05,161.2728729248047,162.54328933366952,159.34264903941414,162.2379998945446,51511700
2023-04-06,162.15921020507812,162.45465692468338,159.5396056660462,159.96306777674639,45390100
2023-04-10,159.56915283203125,159.56915283203125,157.64877164706385,158.96841666370352,47716900
2023-04-11,158.35784912109375,159.89415417908276,158.07224508795338,159.88431146406083,47644200
2023-04-12,157.66848754882812,159.59871163720814,157.35334033527027,158.77147274218814,50133100
2023-04-13,163.04556274414062,163.28192316496492,158.9684394039646,159.17525665056672,68445600
2023-04-14,162.70091247558594,163.79405517163002,161.33202342621988,162.09031838433074,49386500
2023-04-17,162.7205352783203,162.8781088558677,161.53876350080176,162.58266215472722,41516200
2023-04-18,163.94174194335938,164.86746811951792,163.13418846133288,163.57736611842117,49923000
2023-04-19,165.08412170410156,165.60607111909823,163.02585218946155,163.2819130529251,47720200
2023-04-20,164.11900329589844,165.3204757933169,163.04556123695718,163.56751067945328,52456400
2023-04-21,162.51376342773438,163.92203809382642,161.99181400338804,162.54330660065614,58337300
2023-04-24,162.8190460205078,163.0849495926161,161.40091367199096,162.49405610505224,41949600
2023-04-25,161.2827606201172,163.78417796430023,161.2433597017252,162.68119268208375,48714100
2023-04-26,161.2728729248047,162.76979197769046,160.32746143764658,160.58350725145092,45498800
2023-04-27,165.85227966308594,165.99999552987848,162.68118215487013,162.68118215487013,64902300
2023-04-28,167.1029510498047,167.2703823718156,165.33030085507355,165.93103698503495,55275900
2023-05-01,167.01437377929688,167.8613132597454,166.07880476680162,166.7090842619925,52472900
2023-05-02,165.98028564453125,167.76280882251325,164.9954731830596,167.50674796522142,48425700
2023-05-03,164.9068145751953,168.3241144157863,164.62122562365215,166.92568277045305,65136000
2023-05-04,163.27206420898438,164.50307988258416,161.81454585901537,162.38573893481126,81235400
2023-05-05,170.93389892578125,171.65280778469676,168.1665634032941,168.38322333782398,113453200
2023-05-08,170.86497497558594,171.20966537396347,169.49608615179136,169.86046198141287,55962800
2023-05-09,169.1612091064453,170.90431601807424,168.99379282252266,170.42176761942747,45326900
2023-05-10,170.92405700683594,171.38692008917508,169.28926463206565,170.3922648627901,53724500
2023-05-11,171.11114501953125,171.9383837832071,169.55513971049686,171.2096322648924,49514700
2023-05-12,170.1841583251953,171.653548851867,168.6358569767775,171.21962961924467,45533100
2023-05-15,169.69110107421875,170.8153397179057,169.0993901889802,170.766027969497,37266700
2023-05-16,169.69110107421875,170.74630026056693,169.4248296710781,169.61220528633143,42110300
2023-05-17,170.302490234375,170.53916250241704,168.06386972955488,169.3360433616003,57951600
2023-05-18,172.62986755371094,172.81724313624747,170.19401507639674,170.60820660461047,65496700
2023-05-19,172.73837280273438,173.95136353170963,172.52141315393132,173.95136353170963,55809500
2023-05-22,171.79161071777344,172.2945693897219,171.05197977463047,171.57465110395842,43570900
2023-05-23,169.18814086914062,170.9829861706954,168.91201313779877,170.7364424785807,50747300
2023-05-24,169.46424865722656,170.03623176135926,168.16250594092847,168.72461766792532,45143500
2023-05-25,170.5983428955078,171.4957503105663,169.3163129553576,170.02635984381527,56058300
2023-05-26,173.00460815429688,173.33991896491864,170.71669083708804,170.92379413047703,54835000
2023-05-30,174.8487548828125,176.51539231960112,174.12885165758402,174.51345913931758,55964400
2023-05-31,174.79942321777344,176.8703956050701,174.31619231465004,174.87831898039528,99625300
2023-06-01,177.60018920898438,177.62977324467488,174.4838737017158,175.24323239604442,68901800
2023-06-02,178.44830322265625,179.26683000310032,176.7816656255451,178.52719900186148,61996900
2023-06-05,177.09722900390625,182.39298156722955,175.57851175717974,180.10506441660397,121946500
2023-06-06,176.73239135742188,177.62979898311937,174.9769863810525,177.48187878323327,64848400
2023-06-07,175.36155700683594,178.7046879636189,174.86846975629078,175.97298038220674,61944600
2023-06-08,178.0735626220703,178.33981894141047,175.0065588784877,175.44046308150416,50214900
2023-06-09,178.45816040039062,179.71059129506313,178.13272098000036,178.99068805786467,48900000
2023-06-12,181.24903869628906,181.34766218390052,178.468033910057,178.76388932505995,54274900
2023-06-13,180.77565002441406,181.60403301510047,179.91768300176238,180.272706433175,54929100
2023-06-14,181.40682983398438,181.84074910193183,179.50351991974284,180.8348467124019,57462900
2023-06-15,183.4383544921875,183.9413132306641,181.23918907707676,181.4167083517838,65433200
2023-06-16,182.36341857910156,184.4048073735327,181.7224110612984,184.14839232814637,101256200
2023-06-20,182.45217895507812,183.52712083284334,181.86048315364175,181.86048315364175,49799100
2023-06-21,181.4166717529297,182.8466218007744,180.06560242478363,182.34366316376426,49515700
2023-06-22,184.41465759277344,184.46396933431626,181.13069423738702,181.19973368511316,51245300
2023-06-23,184.0990753173828,184.96691381940127,182.45216546765664,182.98470820219737,53117000
2023-06-26,182.7085723876953,185.4501365723536,182.6691169769034,184.24700235631448,48088700
2023-06-27,185.45997619628906,185.78541559077308,183.10301971608257,183.31997931240525,50730800
2023-06-28,186.63351440429688,187.2745217767789,185.00633258317922,185.33175690914044,51216800
2023-06-29,186.96885681152344,187.44223149955704,186.3278492789131,186.46591313429835,46347300
2023-06-30,191.2882843017578,191.79122791985353,188.6157445714927,188.98063939826477,85213200
2023-07-03,189.7991943359375,191.19956064074086,189.10885998965753,191.10093714903454,31458200
2023-07-05,188.68479919433594,190.31198136153697,187.98460856583768,188.92148652956726,46920300
2023-07-06,189.1581573486328,189.36526064633148,186.5842409083175,187.21539208287066,45094300
2023-07-07,188.0437774658203,190.0062704618662,187.60987325439862,188.76369580404943,46815000
2023-07-10,186.00238037109375,187.36330604998784,184.45407912216882,186.6433878022031,59922200
2023-07-11,185.479736328125,186.68287064614393,184.02020200954667,186.54480679233018,46638100
2023-07-12,187.14634704589844,189.04965668897157,185.864317131752,187.0575799007695,60750200
2023-07-13,187.90570068359375,188.54672319895087,187.15621340871894,187.8662603208446,41342300
2023-07-14,188.05361938476562,188.53683526319492,187.00827681367923,187.59997248992855,41616200
2023-07-17,191.30799865722656,191.63343805134278,189.15813040004866,189.24688249449068,50520200
2023-07-18,191.0515899658203,191.64330071063998,189.75970372238763,190.6768538720752,48288200
2023-07-19,192.40269470214844,195.4894113562338,189.9865545896983,190.4303452538346,80507300
2023-07-20,190.4598846435547,193.7537038386121,189.83858989767532,192.39277822300156,59581200
2023-07-21,189.28634643554688,192.2744541324422,188.58615588066942,191.4164870851642,71951700
2023-07-24,190.08514404296875,192.21528467718613,189.59205676918674,190.73602285584008,45377800
2023-07-25,190.94313049316406,191.75180092732498,190.25281124926505,190.65714646634552,37283200
2023-07-26,191.8109893798828,192.93522799592873,190.6473103947794,190.9924625294884,47471900
2023-07-27,190.5486602783203,194.47363103189025,189.8879250921341,193.3099522093675,47460200
2023-07-28,193.12258911132812,193.9115318637554,191.45595149688123,191.97862287270013,48291400
2023-07-31,193.7340087890625,193.77346420221568,192.56045853696887,193.34940127389015,38824100
2023-08-01,192.9056396484375,194.01015053136803,192.58020018161,193.52693454400202,35175100
2023-08-02,189.9175262451172,192.48157144604934,189.19762292480593,192.34350758944402,50389300
2023-08-03,188.5270233154297,189.71042999433632,188.0536636534335,188.9215022402868,61235200
2023-08-04,179.47393798828125,184.7894189873242,179.40489853673822,182.95513345446872,115956800
2023-08-07,176.37733459472656,180.59816071157974,174.89807268327345,179.6119861039443,97576100
2023-08-08,177.31417846679688,177.77768168655697,175.1248698685598,177.20569866966517,67823000
2023-08-09,175.72645568847656,178.42856448196,174.56276182695083,178.3693964131728,60378500
2023-08-10,175.50949096679688,178.25105509162734,175.14461118800062,176.99860916334498,54686900
2023-08-11,175.56874084472656,176.3883728930982,174.34424265962002,175.10462674008653,52036700
2023-08-14,177.21788024902344,177.44500246999712,175.09473274674426,175.74649049543365,43675600
2023-08-15,175.23297119140625,177.2376075606865,174.83797474088598,176.64511288490613,43622600
2023-08-16,174.36398315429688,176.30935657463468,174.29485048513217,174.9169842350172,46964900
2023-08-17,171.82611083984375,175.29225282363015,171.31260330101006,174.92688028330798,66062900
2023-08-18,172.30996704101562,172.9123464424467,169.81157749118245,170.14732599213767,61172200
2023-08-21,173.64309692382812,173.92948217703207,171.56934282132403,172.88272795365145,46311900
2023-08-22,175.0157470703125,175.46012191641384,174.04799506153495,174.8478727981476,42038900
2023-08-23,178.8571319580078,179.28176749229362,176.1019960768648,176.28962468028294,52722800
2023-08-24,174.17636108398438,178.83739189345877,173.81097351698816,178.41275636104422,54945800
2023-08-25,176.3784942626953,176.91174101480664,173.62335841851225,175.16386577811136,51449600
2023-08-28,177.9387664794922,178.33376298082638,176.31925671498092,177.8400098200833,43820700
2023-08-29,181.8197021484375,182.5899560561548,177.25742668454978,177.45492498198809,53003900
2023-08-30,185.3055419921875,185.50305529692773,182.43191025327192,182.62940848986258,60813900
2023-08-31,185.52281188964844,186.75719481874472,185.13768501849643,185.4931879048022,60794500
2023-09-01,187.09295654296875,187.54720101813678,185.92769123419916,187.12258052751662,45766500
2023-09-05,187.3299560546875,187.60645663383806,185.26607135025952,185.92769881238064,45280000
2023-09-06,180.624755859375,186.4905448774819,179.2027445739978,186.04615504969036,81755800
2023-09-07,175.3416290283203,175.98351721110967,171.3718491931888,172.99135904079122,112488800
2023-09-08,175.95387268066406,177.98814840122637,175.56874581023814,176.12176201867752,65551300
2023-09-11,177.11912536621094,178.0473836718388,175.1243584797436,177.82026144859472,58953100
2023-09-12,174.09735107421875,177.87950173703112,172.6358460753217,177.24749835360407,90370200
2023-09-13,172.03347778320312,175.08486860955094,171.8063404869434,174.30473020059844,84267900
2023-09-14,173.5443878173828,173.89989073979382,171.41137028291678,171.82612118103754,60895800
2023-09-15,172.82347106933594,174.29486087176767,171.6483512368518,174.27510652680778,109259500
2023-09-18,175.74649047851562,177.13887792290447,173.9689761950564,174.2751007250675,67257600
2023-09-19,176.832763671875,177.38576479928514,174.91699900323943,175.30212586469654,51826900
2023-09-20,173.2974853515625,177.45487842056565,173.20859833310675,177.0203732393163,58436200
2023-09-21,171.7569580078125,174.0973581099587,171.6878404044714,172.36922214048295,63149100
2023-09-22,172.6062469482422,174.86764517240317,171.87550181385268,172.48775099523908,56725400
2023-09-25,173.88009643554688,174.75897636563758,171.97420160197885,172.02357992644104,46172700
2023-09-26,169.8115997314453,173.01111068359924,169.51534481079926,172.63586851438868,64588900
2023-09-27,168.30067443847656,170.87806622328196,166.93792612877573,170.46331542744704,66921800
2023-09-28,168.55746459960938,169.8807195182162,165.5258128129139,167.2243249736919,56294400
2023-09-29,169.0709686279297,170.90773103963988,168.21182785802986,169.87084635964763,51861100
2023-10-02,171.5792236328125,172.12235512412923,168.79444856905252,169.0808338409062,52164500
2023-10-03,170.24609375,171.46073744550782,168.6858469308082,170.1078434596355,49594600
2023-10-04,171.49034118652344,172.03347264460572,168.83394692911625,168.95244285882518,53020300
2023-10-05,172.7247314453125,173.2579782200924,170.52258153582127,171.61871413723316,48527900
2023-10-06,175.2725067138672,175.76625988669193,171.0163417068709,171.6286058875163,57266700
2023-10-09,176.75376892089844,176.81301689163445,173.60362121945622,174.6009972191987,42390800
2023-10-10,176.1612548828125,177.47464011941017,175.72674968355904,175.8748846750232,43698000
2023-10-11,177.5536346435547,177.60301297187604,175.3811238107674,175.9736185461729,47551100
2023-10-12,178.45230102539062,180.061926326966,176.80315195865202,177.82029748660239,56743100
2023-10-13,176.6155242919922,179.65703072033497,175.91438812346496,179.15340788479125,51427100
2023-10-16,176.48709106445312,176.84259386250824,174.3046959575861,174.54170284567192,52517000
2023-10-17,174.9367218017578,176.19085892709333,172.6160912129652,174.44296868905948,57549400
2023-10-18,173.64309692382812,175.36136323860268,172.92222157401596,173.38635072108465,54764400
2023-10-19,173.2678680419922,175.61812287122567,173.00123711265553,173.84060845589931,59302900
2023-10-20,170.7200927734375,173.22835212793277,170.4830858385587,173.11972583296543,64244000
2023-10-23,170.83860778808594,171.8359838309846,167.80695589693704,168.77472302133776,55980100
2023-10-24,171.2731170654297,171.50023932449824,169.30797385167378,170.88799016172553,43816600
2023-10-25,168.96231079101562,170.8978144354766,168.5179209624252,169.73256439395493,57157000
2023-10-26,164.80490112304688,169.23880917055772,163.60014241201984,168.24141831331102,70625300
2023-10-27,166.1182861328125,166.8490461099926,164.74565318394508,164.82465548430088,58499100
2023-10-30,168.16246032714844,169.03147079181505,166.76020302980592,166.90833803254793,51131000
2023-10-31,168.636474609375,168.76484019690602,165.80232095364974,167.23421730907862,44846000
2023-11-01,171.79647827148438,172.05322449399938,167.99457285522465,168.86358325166134,56934900
2023-11-02,175.35150146484375,175.5588693503195,173.26786256268767,173.32711052996643,77334800
2023-11-03,174.44296264648438,174.61085195895754,171.18420427007575,172.06308417750907,79829200
2023-11-06,176.99073791503906,177.18823614800198,174.00847994055556,174.17635419198152,63841300
2023-11-07,179.5484161376953,180.1606652677133,176.7340169447808,176.94138484513783,70530000
2023-11-08,180.6050262451172,181.15802736111343,179.32126504404005,180.07177947416378,49340300
2023-11-09,180.1310272216797,181.81965455110011,179.53851741631973,180.67415869856794,53763500
2023-11-10,184.31369018554688,184.48180071812672,181.47581782404296,181.91089548671326,66133400
2023-11-13,182.73158264160156,183.9478113332898,182.14818998578377,183.7401702602705,43627500
2023-11-14,185.342041015625,186.00454008995078,184.21480130754796,185.59912547957174,60108400
2023-11-15,185.9056396484375,187.3789678351275,185.67821821290843,185.74744196041772,53790500
2023-11-16,187.5866241455078,188.8226331691939,186.53847581950137,187.44819173837502,54412900
2023-11-17,187.5668487548828,188.24912816814668,186.4593894684262,188.12057839811112,50922700
2023-11-20,189.30715942382812,189.7620174322178,187.75473976876387,187.76462241033667,46505100
2023-11-21,188.50621032714844,189.37636552049437,187.61628985249988,189.26759612132614,38134500
2023-11-22,189.1687469482422,190.77061015607987,188.69412360666138,189.3467401313375,39617700
2023-11-24,187.84375,188.76333367409984,187.13180743837248,188.73367065803237,24048300
2023-11-27,187.66574096679688,188.5358962659671,186.7857030257735,187.79429075090235,40552600
2023-11-28,188.26890563964844,188.9413024556769,187.2800983304318,187.65584993609482,38415400
2023-11-29,187.25042724609375,189.9399842182602,186.85491037465812,188.7633011569372,43014200
2023-11-30,187.82394409179688,188.18981305356235,186.08364867108205,187.71517468500207,48794400
2023-12-01,189.09950256347656,189.4159130354433,187.11199034893104,188.1996843513192,45704800
2023-12-04,187.3097686767578,187.9228394923183,185.35193435249073,187.85361573572166,43389500
2023-12-05,191.25511169433594,192.22413865175915,188.05137051787239,188.08104861869373,66628400
2023-12-06,190.1674041748047,192.58008102103562,189.95974802820277,192.27355320919483,41089700
2023-12-07,192.09559631347656,192.81742141001197,191.42319951100376,191.46276025185608,47477700
2023-12-08,193.5194854736328,193.79635031367135,191.50231010992096,192.02637677770835,53406400
2023-12-11,191.01779174804688,191.3243346926335,189.27749628821252,190.9485830810774,60943700
2023-12-12,192.53067016601562,192.54055280703432,189.57413099725628,190.9189094878757,52696900
2023-12-13,195.7443084716797,195.78385412672148,192.66911702808835,192.90642113434447,70404200
2023-12-14,195.89259338378906,197.38568681182426,193.96442237725344,195.80360435764135,66831600
2023-12-15,195.35865783691406,196.17935458626624,194.79503045579114,195.3190970971854,128538400
2023-12-18,193.6974639892578,194.4291868327445,192.21425301938103,193.8952224343076,55751900
2023-12-19,194.7357177734375,194.7456004150459,193.69746706046115,193.96444926391277,40714100
2023-12-20,192.6493377685547,195.46742966263125,192.6493377685547,194.69616113684165,52242800
2023-12-21,192.50099182128906,194.87413831888384,191.33420648650613,193.90511142023345,46482500
2023-12-22,191.43310546875,193.2228443252002,190.81015202156473,192.9954077755279,37149600
2023-12-26,190.88926696777344,191.71986154255086,190.67172813799795,191.44299668429173,28919300
2023-12-27,190.98809814453125,191.33418668795235,188.95115779593849,190.33549688162287,48087700
2023-12-28,191.41331481933594,192.48122849088116,191.00790021395272,191.96704448132198,34049900
2023-12-29,190.3750762939453,192.2241411947973,189.5840274029703,191.72973752393827,42672100
2024-01-02,183.5621795654297,186.33084291740326,181.83176685644636,185.0552730997862,82488700
2024-01-03,182.18777465820312,183.7995356475199,181.37694529807916,182.15811164141854,58414500
2024-01-04,179.87396240234375,181.04074792224714,178.85549196107084,180.11126652815247,71983600
2024-01-05,179.152099609375,180.7144169560074,178.15340966673114,179.95304619735901,62379700
2024-01-08,183.4830780029297,183.52263874374273,179.46852282651062,180.0519155054874,59144500
2024-01-09,183.06781005859375,183.07769270137814,180.68478049118508,181.8614637667107,42841800
2024-01-10,184.10601806640625,184.31365913260458,181.8614214601624,182.28661640904596,46792900
2024-01-11,183.51272583007812,184.9563909902637,181.56477442626638,184.45208965863696,49128400
2024-01-12,183.8390350341797,184.64986419021457,183.1172099941003,183.9774674403319,40477800
2024-01-16,181.57470703125,182.19764543114704,178.9049149905355,180.12115895148446,65603000
2024-01-17,180.6353302001953,180.88253205239923,178.28197882705663,179.2411232206481,47317400
2024-01-18,186.51873779296875,187.0230241166397,183.7500741577492,184.00715864056133,78005800
2024-01-19,189.41592407226562,189.80155831594578,186.70660172518024,187.21088801676132,68903000
2024-01-22,191.71986389160156,193.143748944668,190.1081030206995,190.14766376550878,60133900
2024-01-23,192.99539184570312,193.55901922053994,191.660511110776,192.83719415255706,42355600
2024-01-24,192.32301330566406,194.18197579456825,192.16480052192722,193.23271418014866,53631300
2024-01-25,191.99673461914062,194.07323623297103,190.94860116972282,193.03498542605584,54822100
2024-01-26,190.2663116455078,192.58011726192578,189.79168833424328,192.09561130867766,44594000
2024-01-29,189.58404541015625,190.04878611194624,187.45811545873704,189.86091028509443,47145600
2024-01-30,185.935302734375,189.65322753238257,185.37169046557113,188.80285272092348,55859400
2024-01-31,182.33604431152344,185.0058358609704,182.28661602120093,184.94649475418208,55467800
2024-02-01,184.7685546875,184.85754373397813,181.7625867762094,181.93068222666935,64885400
2024-02-02,183.7698516845703,185.23328233515724,177.2437171517322,177.84689023760967,102551700
2024-02-05,185.579345703125,187.1317803970082,183.75994390321247,186.0440863383638,69668800
2024-02-06,187.18121337890625,187.19109601961685,184.67953227102765,184.76852130142626,43490800
2024-02-07,187.2899932861328,188.91163664571195,186.49894443287428,188.50622203381667,53439000
2024-02-08,186.21217346191406,187.41850432812907,185.25302930015292,187.27018928785674,40962000
2024-02-09,186.97454833984375,188.10322646586073,186.13298359451971,186.77652244170517,45155200
2024-02-12,185.29139709472656,186.79630612181433,184.93497167008087,186.5487888854563,41781900
2024-02-13,183.20237731933594,184.36077144619387,181.68757282391297,183.92513863049606,56529500
2024-02-14,182.3212127685547,183.6875129162611,180.62820312290157,183.4796068721132,54630500
2024-02-15,182.03408813476562,182.65783644316613,179.5490203671251,181.72716915991907,65434500
2024-02-16,180.49948120117188,183.0142649801448,179.86583763061847,181.59845842120637,49752500
2024-02-20,179.75692749023438,180.61828269677792,178.21242224791314,179.98463913307552,53665600
2024-02-21,180.5093994140625,181.0737309260645,178.86588113831095,180.13316833455778,41371400
2024-02-22,182.53904724121094,183.12319953047427,180.64802661628633,181.6578862880503,52292200
2024-02-23,180.70741271972656,183.20237592421455,180.42028422645075,183.17267506039363,45119700
2024-02-26,179.36093139648438,180.94503297704767,178.85598645977296,180.4302078946742,40867400
2024-02-27,180.8163299560547,182.09351248592515,177.77681047698752,179.30152539649055,54318900
2024-02-28,179.6183319091797,181.30144633523983,178.34114943443706,180.69750358801915,48953900
2024-02-29,178.9550018310547,180.75693496542868,177.74711623943745,179.46984202762675,136682600
2024-03-01,177.87582397460938,178.7371792855814,175.61846756104012,177.76691576574171,73563100
2024-03-04,173.361083984375,175.14319605787904,172.06408093389737,174.40064432483445,81510100
2024-03-05,168.43052673339844,170.3314573247722,167.9354922531265,169.06417026385637,95132400
2024-03-06,167.44046020507812,169.53941670485264,167.00482743895031,169.36119643359416,68587700
2024-03-07,167.3216552734375,169.0344703547855,166.81672553933012,167.47015957545335,71765100
2024-03-08,169.0345001220703,171.97500667784078,167.2622830078253,167.3216847390924,76267000
2024-03-11,171.03440856933594,172.64822576816061,170.3413633360917,171.2225240841993,60139500
2024-03-12,171.50965881347656,172.3017170819102,169.31170429451927,171.43045147590772,59825400
2024-03-13,169.43052673339844,171.4700666239107,169.06419090034882,171.05423942259554,52488700
2024-03-14,171.28192138671875,172.5789092413306,170.34135894390695,171.19281881058188,72913500
2024-03-15,170.90573120117188,170.90573120117188,168.5988682774061,169.47013396047814,121752700
2024-03-18,171.99481201171875,175.94519331439105,171.79680120539754,173.82644596151624,75604200
2024-03-19,174.3313446044922,174.85607994565953,171.31163124958826,172.6086191723699,55215200
2024-03-20,176.8956298828125,176.8956298828125,173.3511809805003,173.97492929704185,53423100
2024-03-21,169.66810607910156,175.7273381457555,169.1433707597941,175.29170540355622,106181300
2024-03-22,170.56910705566406,171.33146450930536,168.37115239719608,170.05426688241553,71160100
2024-03-25,169.15330505371094,170.2324767040703,167.76719930445816,168.87608692531137,54288300
2024-03-26,168.02464294433594,169.71765273934344,167.89592911986227,168.3117563520967,57388400
2024-03-27,171.58888244628906,171.87601096065072,168.42066417893392,168.7176879462108,60273300
2024-03-28,169.77703857421875,170.51959037094832,168.81667037520143,170.0443614510728,65672700
2024-04-01,168.34144592285156,169.54933141950085,167.79690490268092,169.48992969134684,46240500
2024-04-02,167.16323852539062,167.6582730022656,166.55929585931307,167.4008605129018,49329500
2024-04-03,167.96522521972656,168.98499523543435,166.9058590852198,167.11376514661308,47691700
2024-04-04,167.14346313476562,170.21266810452119,167.14346313476562,168.59885072968464,53704400
2024-04-05,167.8959197998047,168.69787335368648,167.2721714324497,167.90581505219322,42104800
2024-04-08,166.77713012695312,167.51968192191484,166.5692240844266,167.3513719945941,37425500
2024-04-09,167.98501586914062,168.39094781013864,166.67813256359855,167.02464767080627,42373800
2024-04-10,166.11380004882812,167.41078821247058,165.45045553411236,167.1236748074244,49709300
2024-04-11,173.3016815185547,173.7175238179071,166.49001666248702,166.66822184170525,91070300
2024-04-12,174.7967071533203,176.58872985356905,172.47994902506244,172.52944039553972,101670900
2024-04-15,170.97503662109375,174.8759113224836,170.7869210734751,173.61851932570818,73531800
2024-04-16,167.69789123535156,172.03438316124112,166.59891404642835,170.0443499195711,73711200
2024-04-17,166.33160400390625,168.95528100035153,166.33160400390625,167.9256158132339,50901200
2024-04-18,165.3811492919922,166.96526602396756,164.896025062108,166.36132321946832,43122900
2024-04-19,163.3614044189453,164.7474951408098,162.4505426435407,164.55939469854349,68149400
2024-04-22,164.1930389404297,165.59893510418706,163.13367296874276,163.8762247169617,48116400
2024-04-23,165.24253845214844,165.39105789202225,163.2822057253187,163.70794332424896,49537800
2024-04-24,167.34146118164062,167.61867928406764,164.55936979904956,164.8860792640679,48251800
2024-04-25,168.2028350830078,168.9156860278579,166.4801094484109,167.84640961058278,50558300
2024-04-26,167.6186981201172,169.63843239437367,167.49987955768663,168.19293999888993,44838400
2024-04-29,171.77696228027344,174.2818355072499,171.38094074443057,171.64824848286057,68169400
2024-04-30,168.63845825195312,173.25218351807536,168.31173366197407,171.6086653165762,65934800
2024-05-01,167.6186981201172,170.99483730573115,167.43058257791944,167.8959162536964,50383100
2024-05-02,171.31166076660156,171.69778712393833,169.19291342760516,170.79682058773386,94214900
2024-05-03,181.55885314941406,185.14289799826793,180.84600228009177,184.796367814728,163224100
2024-05-06,179.90545654296875,182.3707188474722,178.62825898838415,180.53910014061182,78569700
2024-05-07,180.5885772705078,183.0637497391675,179.5193160584302,181.62815272879564,77305800
2024-05-08,180.92523193359375,181.25195654794928,179.6480343404535,181.03414013837894,45057100
2024-05-09,182.73704528808594,182.82614787366472,180.3014688648197,180.74699689996783,48983000
2024-05-10,181.47796630859375,183.50044009541958,180.56586910059414,183.31206939842306,50759500
2024-05-13,184.6802215576172,185.49318663872077,183.0344740478803,183.84743912898392,72044800
2024-05-14,185.82034301757812,186.6828817403559,184.6901339480471,185.89965779253163,52393600
2024-05-15,188.09068298339844,189.01268886802714,185.76085876781028,186.2962297111884,70400000
2024-05-16,188.20965576171875,189.458844598736,188.0312088580003,188.83425018022737,52845200
2024-05-17,188.2393798828125,189.1713095252472,187.55530322495105,187.8824709799172,41282900
2024-05-20,189.39932250976562,190.27176982167657,187.38675756521698,187.7040166341828,44361300
2024-05-21,190.69808959960938,191.07481584379752,189.28036268210627,189.44890089382775,42309400
2024-05-22,189.26051330566406,191.16403734183464,188.63593413629764,190.6187578068766,34648500
2024-05-23,185.2750701904297,189.35968258649532,185.02721720275102,189.3398501117122,51005900
2024-05-24,188.34841918945312,188.94327235106317,186.4250777783575,187.19839293954828,36327000
2024-05-28,188.3583526611328,191.34249703943843,187.47599667367734,189.86528785982966,52280100
2024-05-29,188.65576171875,190.5989356775744,187.88246165547932,187.98160889548626,53068000
2024-05-30,189.6471710205078,190.52952698465035,188.99285067972127,189.12172393667825,49889100
2024-05-31,190.59893798828125,190.9161970579539,188.2790377703441,189.79589676882185,75158300
2024-06-03,192.36367797851562,193.31544019840626,190.86665123579675,191.24337752621932,50080500
2024-06-04,192.680908203125,193.64257895328527,191.37223723797064,192.96841099700254,47471400
2024-06-05,194.18783569335938,195.20898869639487,193.19642383583022,193.7218709101011,54156800
2024-06-06,192.80979919433594,194.8124556459051,192.5024638984892,194.0094143560484,41181800
2024-06-07,195.1990966796875,195.24867030234284,192.47271383884646,192.97832848334124,53103900
2024-06-10,191.46145629882812,195.60556579928584,190.49978557066368,195.20899197297106,97010200
2024-06-11,205.37095642089844,205.3808802210458,191.96707924808354,191.98689659289002,172373300
2024-06-12,211.24014282226562,218.30889945026047,205.1231180281253,205.58908283581826,198134300
2024-06-13,212.40008544921875,214.88852380834695,209.782758705521,212.8957913864929,97862700
2024-06-14,210.66513061523438,213.32210737882852,209.4853479747781,212.01345147179217,70122700
2024-06-17,214.80921936035156,217.06963733267014,210.8931452933454,211.5375569916551,93728300
2024-06-18,212.4496612548828,216.75240063817128,211.1707464886947,215.72132373307375,79943300
2024-06-20,207.87925720214844,212.40010854906527,207.0563985691976,212.09275812722348,86172500
2024-06-21,205.7080841064453,210.07029091430852,205.33134270047418,208.58317289420788,241805100
2024-06-24,206.3524932861328,210.87332959032133,204.8158016590104,205.93610206103614,80727000
2024-06-25,207.27450561523438,209.5646648210329,206.81844945769743,207.35380525957078,55549700
2024-06-26,211.4185791015625,213.01475280094434,208.83099354238436,209.68360834691896,66213200
2024-06-27,212.2613067626953,213.88722177256454,210.5263358320774,212.8462361886446,49772700
2024-06-28,208.81117248535156,214.21437951883613,208.4939285392998,213.91695291908772,82542700
2024-07-01,214.8885498046875,215.64201747450758,210.10002805599396,210.26856627972688,60402900
2024-07-02,218.3782958984375,218.48735180877674,213.2526983679821,214.293668724795,58046200
2024-07-03,219.6472930908203,219.6472930908203,217.1489310533617,218.11060173486678,37369800
2024-07-05,224.39617919921875,224.50523511983306,219.74645469045154,219.74645469045154,60412400
2024-07-08,225.8634796142578,225.89322076278884,221.3327197032473,225.13973799267995,59085900
2024-07-09,226.71607971191406,227.42989753320916,224.4259205051531,225.97252074204383,48076100
2024-07-10,230.97914123535156,231.07828847688273,227.28117906796422,227.3307526887298,62627700
2024-07-11,225.61561584472656,230.39421338925845,223.83107137940016,229.40280147827102,64710600
2024-07-12,228.56011962890625,230.64209091466597,226.71609267309665,226.95403700304678,53046500
2024-07-15,232.38694763183594,235.1926451763578,231.08820043911544,234.44908623752588,62631300
2024-07-16,232.80337524414062,234.2409196318231,230.3347538954296,232.98182214446476,43234300
2024-07-17,226.9143829345703,229.47222770464353,224.6936146131452,227.4794799069808,57345900
2024-07-18,222.2547149658203,228.46096321097224,220.36112971273346,228.3023336745397,66034600
2024-07-19,222.38360595703125,224.8522270905052,221.36245288688534,222.88923571935766,49151500
2024-07-22,222.03662109375,225.82380677595344,221.174082433242,225.06041535891617,48201800
2024-07-23,223.07760620117188,224.9910392063895,220.7676144514488,222.44310313331528,39960300
2024-07-24,216.66317749023438,222.86942645430565,215.2652980307627,222.07629380801336,61777600
2024-07-25,215.62217712402344,218.95332167523742,212.77681471652627,217.0497975364767,51391200
2024-07-26,216.08815002441406,217.6050090608147,214.15488466672127,216.8217851678197,41601300
2024-07-29,216.36572265625,217.41661677284762,213.89710176005346,215.0967167274064,36311800
2024-07-30,216.92092895507812,218.43778796730905,214.2639371695869,217.3075789949067,41643800
2024-07-31,220.17276000976562,221.89782218872546,218.7352157578384,219.53825698895486,50036300
2024-08-01,216.48472595214844,222.55216258005441,215.15623749650504,222.44310665442717,62501000
2024-08-02,217.97183227539062,223.66254232334134,215.84030263063204,217.2679231335739,105568600
2024-08-05,207.47279357910156,211.6664621054212,194.3167520967801,197.3802115476467,119548600
2024-08-06,205.45030212402344,208.18660889381388,199.3432157724579,203.53688424769564,69660500
2024-08-07,208.01805114746094,211.80523672133984,204.61750047992084,205.12311510057037,63516400
2024-08-08,211.47808837890625,212.36044444161047,207.0365669160157,211.27980900719393,47161100
2024-08-09,214.38291931152344,214.91827509282652,210.1495861717322,210.2784745623819,42201600
2024-08-12,215.91146850585938,217.8767320905019,213.9958359256548,214.4623401059105,38028100
2024-08-13,219.62362670898438,220.2390087017958,217.38043273085663,217.38043273085663,44155300
2024-08-14,220.07029724121094,221.37054778476931,218.06532277692483,218.92885985517657,41960600
2024-08-15,223.04794311523438,223.67326036559285,221.10252008370475,222.92884083716766,46414000
2024-08-16,224.3680877685547,225.1422830006272,221.98593577772976,222.25393109506462,44340200
2024-08-19,224.20925903320312,224.30852103873067,221.38045847347976,224.0405257400108,40687800
2024-08-20,224.8246307373047,225.4797235950926,223.77252016614798,224.09014645304697,30299000
2024-08-21,224.71546936035156,226.28371522001356,223.37552309496598,224.8345868015738,34765500
2024-08-22,222.85939025878906,226.64103964823346,222.23407290784718,226.09512887719345,43695300
2024-08-23,225.15219116210938,226.52192810531062,222.66087229355688,223.98097823318813,38677300
2024-08-26,225.48963928222656,225.58890128123517,222.22412549030662,225.07276614784877,30602200
2024-08-27,226.3333282470703,227.14723425887112,223.21669220638537,224.31843379232603,35934600
2024-08-28,224.80479431152344,228.14971479709,224.0008084384826,226.22414704916858,38052200
2024-08-29,228.08023071289062,231.18694665641485,227.17701311839377,228.38793686624163,51906300
2024-08-30,227.29612731933594,228.68570457235603,225.78743262658827,228.4772755570311,52990800
2024-09-03,221.11248779296875,227.2961293418145,219.52438650802387,226.84948058831634,50190600
2024-09-04,219.20675659179688,220.1298295937355,215.86182100754215,220.01072730838987,43840200
2024-09-05,220.7253875732422,223.80231295165626,219.87178579311316,219.9809679444758,36615400
2024-09-06,219.177001953125,223.56411324365834,218.13481142105056,222.2837029728863,48423000
2024-09-09,219.2663116455078,219.62363365317324,215.0975649862482,219.17698492990527,67180000
2024-09-10,218.47225952148438,219.83206111139577,215.1174037589381,217.29111136152258,51591000
2024-09-11,221.0032958984375,221.43008920211523,216.26878297144034,219.81222755985956,44587100
2024-09-12,221.11248779296875,221.8866830044339,218.1844402475294,220.84449248276735,37455600
2024-09-13,220.844482421875,222.37301734416337,220.25887596851652,221.91644846858938,36766600
2024-09-16,214.71047973632812,215.60377723416104,212.32832783334672,214.92882889414335,59357400
2024-09-17,215.17697143554688,215.28615358843467,212.904016801209,214.14471619981742,45519300
2024-09-18,219.04795837402344,221.05293280374121,215.92138686335736,215.9313221513165,59894900
2024-09-19,227.16709899902344,228.11004268622213,222.95865620671253,223.31597824995185,66781300
2024-09-20,226.5020751953125,231.3556905514529,225.92638886705737,228.2589097535001,318679900
2024-09-23,224.7849578857422,227.74278104335218,224.12986496132828,225.64847983003366,54146000
2024-09-24,225.6782684326172,227.64354731931365,224.05047131587074,226.94874349226038,43556100
2024-09-25,224.68569946289062,225.59885242729763,222.3531936181764,223.2564112941643,42308700
2024-09-26,225.8271484375,226.79985253593196,223.73284722402752,225.608784129346,36636700
2024-09-27,226.09512329101562,227.81226214161182,225.6087788258606,226.7601514881057,34026000
2024-09-30,231.26638793945312,231.26638793945312,227.9413072049674,228.3284048450643,54541900
2024-10-01,224.52688598632812,227.9412778656533,222.07526286618742,227.81225543239978,63285000
2024-10-02,225.0926513671875,225.67825786117984,221.36063294746157,224.2092739820147,32880600
2024-10-03,223.99087524414062,225.12239234050705,221.65836976978886,223.46481998018766,34044200
2024-10-04,225.11248779296875,226.3035561118749,222.46235586119454,226.20429410810965,37245100
2024-10-07,220.04049682617188,224.01073444452058,219.68317483471031,222.8295863298211,39505400
2024-10-08,224.0901641845703,224.298593199742,221.58890998571715,222.63110049734397,31855700
2024-10-09,227.83209228515625,228.0405364361267,223.15714569962594,223.55416342639623,33591100
2024-10-10,227.33583068847656,227.7924147414137,225.47974919262126,226.08521111865923,28183500
2024-10-11,225.85693359375,227.70309500312143,225.64848941975737,227.5939128444124,31759200
2024-10-14,229.57901000976562,230.0058033150611,226.89910245149323,226.99834931201846,39882100
2024-10-15,232.11004638671875,235.7229623804217,230.6410474142004,231.87182665313995,64751400
2024-10-16,230.055419921875,230.39288648800354,228.1298522341637,229.87676649695567,34082200
2024-10-17,230.4226837158203,232.11004699556463,228.8048220166126,231.69315867439417,32993800
2024-10-18,233.25148010253906,234.4226930307779,232.26884075534687,234.4226930307779,46431500
2024-10-21,234.72044372558594,235.08770100400858,232.70554934615632,232.70554934615632,36254500
2024-10-22,234.10508728027344,234.4624093106695,230.86934872103873,232.14974382855843,38846600
2024-10-23,229.04302978515625,233.39044533687328,226.0653512199268,232.33833466706656,52287000
2024-10-24,228.8544464111328,229.10258628095696,226.71051430099084,228.26882480795348,31109500
2024-10-25,229.6881866455078,231.48471683213373,227.86188088691335,228.03061417648678,38802300
2024-10-28,231.66336059570312,232.983466430484,230.8196941830456,231.58396917060392,36087100
2024-10-29,231.93136596679688,232.5864588417728,230.59141979007921,231.36561495313973,35417200
2024-10-30,228.387939453125,231.7328600109945,227.8420287171323,230.87925826342104,47070900
2024-10-31,224.2291259765625,228.11995749798112,223.69313535160188,227.63359787833264,64370100
2024-11-01,221.25143432617188,223.67328184782377,218.6310779402587,219.32586653780092,65276700
2024-11-04,220.35812377929688,221.13231895883285,218.0752491010658,219.34572401852256,44944500
2024-11-05,221.7874298095703,222.28370958768312,219.49461965793014,220.14971259990074,28111300
2024-11-06,221.06283569335938,224.38791581537038,219.54422098922427,220.95365355112233,54561100
2024-11-07,225.7874298095703,226.18446269494834,222.89909318788202,222.95864433437472,42137700
2024-11-08,225.51913452148438,227.2083389148385,224.9726232043034,225.72779283046052,38328800
2024-11-11,222.8064727783203,224.26714170400084,220.0938084143074,223.57158868270503,42005600
2024-11-12,222.8064727783203,224.15783943194586,221.9420008205612,223.12444853772337,40398300
2024-11-13,223.69082641601562,225.2111120360391,221.34580821096,222.58787261698694,48566200
2024-11-14,226.7711639404297,227.41703140021204,223.57160465201176,223.59148192887395,44923900
2024-11-15,223.57159423828125,225.47940335635096,222.8462328667566,224.96270031544069,47923700
2024-11-18,226.5724334716797,228.28151537171908,223.74052045447314,223.82001439888424,44633700
2024-11-19,226.8307647705078,228.6988344551977,225.22105418122663,225.53901477922054,36211800
2024-11-20,227.54620361328125,228.4702922716314,224.45594670445817,226.61216873586113,35169600
2024-11-21,227.0692596435547,228.6988476019872,224.27710117470866,227.42697481306035,42108300
2024-11-22,228.41067504882812,229.25528492407807,226.61216818417898,226.61216818417898,38168300
2024-11-25,231.39163208007812,231.76922452168117,228.2815130321861,229.99059491471002,90152800
2024-11-26,233.56771850585938,234.07449047305911,231.84870566104107,231.84870566104107,45986200
2024-11-27,233.43853759765625,234.1937224347506,232.32565277909848,232.9814664022851,33498400
2024-11-29,235.82330322265625,236.3002516789311,232.48463370489634,233.3192972938568,28481400
2024-12-02,238.06895446777344,239.26133321145704,235.654388648958,235.76369091824088,48137100
2024-12-03,241.1095428466797,241.21884512379424,237.38334952948236,238.2875760799829,38861000
2024-12-04,241.4672393798828,242.5602620666903,239.71841824290905,241.32812877991805,44383900
2024-12-05,241.49705505371094,242.98753231090083,240.59284370740727,242.4410361127995,40033900
2024-12-06,241.29833984375,243.0769846168902,240.5431701206591,241.36790273028285,36870600
2024-12-09,245.18350219726562,245.67039687977774,240.21524480725012,240.29473874492055,44649200
2024-12-10,246.19703674316406,246.63424582967986,243.7824557106041,245.32261857013248,36914800
2024-12-11,244.92514038085938,249.2077755123232,244.69658964103184,246.3858091597837,45205800
2024-12-12,246.3858184814453,247.1608653940442,244.1202792424049,245.32260415969785,32777500
2024-12-13,246.55474853515625,247.70737273801882,244.67674782957272,246.24671899982582,33155300
2024-12-16,249.4462432861328,249.78409628857773,246.07776561283137,246.41561861527626,51694800
2024-12-17,251.8707733154297,252.21855739876366,248.19426586582333,248.49236434269267,51356400
2024-12-18,246.4752655029297,252.6657103008961,246.1672359539693,250.55917390522964,56774100
2024-12-19,248.20419311523438,250.400169527173,245.5213371883983,245.92873792847348,60882300
2024-12-20,252.87435913085938,253.3811159043778,244.13022347118752,246.46529524609687,147495300
2024-12-23,253.64942932128906,254.02700659111463,251.84097626600598,253.15260355822258,40858800
2024-12-24,256.560791015625,256.57070690893096,253.66924678278625,253.86798918256417,23234700
2024-12-26,257.3755798339844,258.44874034869076,255.99442012888886,256.55086249805703,27237100
2024-12-27,253.96737670898438,257.05764856283577,251.45343969164696,256.19314630806485,42355300
2024-12-30,250.59889221191406,251.8906421270002,249.15810064436016,250.6287005424076,35557500
2024-12-31,248.83021545410156,251.6720594492945,247.84649497663966,250.83739579916153,39480700
